key,type,english,spanish,human_review_required
"about.architecture","Plain-language generated explanation","How it works","Cómo funciona","no"
"about.architecture.lede","Tooltip / help text","Six steps from corpus text to a reproducible answer.","Seis pasos desde el texto del corpus hasta una respuesta reproducible.","no"
"about.body","Plain-language generated explanation","Which rental-housing rules apply at this address on this date, with citations you can verify.","Qué normas de vivienda en alquiler aplican en esta dirección en esta fecha, con citas verificables.","no"
"about.chain","Plain-language generated explanation","Applies → Why → Evidence → What changes","Aplica → Por qué → Evidencia → Qué cambia","no"
"about.commit.asOf","Plain-language generated explanation","Every answer shows an as-of date; coverage is re-evaluated when that date changes.","Cada respuesta muestra una fecha de análisis; la cobertura se reevalúa si esa fecha cambia.","no"
"about.commit.audit","Plain-language generated explanation","Extract, lookup, and change-test runs leave an audit trail.","Extracción, consultas y pruebas de cambio dejan un registro de auditoría.","no"
"about.commit.cite","Plain-language generated explanation","Every rule carries a source citation, verbatim quoted span, and retrieval date.","Cada norma lleva cita, fragmento citado literal y fecha de recuperación.","no"
"about.commit.conflict","Plain-language generated explanation","State/local overlaps are conflict-flagged for human review.","Los solapamientos estatal/local se marcan con conflicto para revisión humana.","no"
"about.commit.noAdvice","Plain-language generated explanation","Not legal advice and not a compliance certification. Always verify with qualified counsel.","No es asesoría legal ni certificación de cumplimiento. Siempre verifique con un abogado calificado.","no"
"about.commit.noInvent","Plain-language generated explanation","No invented ordinance text for link-only pages; scaffolds quote only capturable corpus spans.","Sin texto inventado en páginas solo-enlace; los andamiajes solo citan fragmentos capturables del corpus.","no"
"about.commit.pending","Plain-language generated explanation","Pending legislation is labeled pending, never treated as enacted law.","La legislación pendiente se etiqueta como pendiente, nunca como ley vigente.","no"
"about.commit.unknown","Plain-language generated explanation","When year built, units, or owner facts are missing, Cite returns unknown instead of guessing.","Si faltan año, unidades o hechos del propietario, Cite devuelve desconocido en lugar de adivinar.","no"
"about.cta.changes","Plain-language generated explanation","Open Change Radar","Abrir Radar de cambios","no"
"about.cta.lookup","Plain-language generated explanation","Try a lookup","Probar una consulta","no"
"about.cta.pipeline","Plain-language generated explanation","See the pipeline","Ver el proceso","no"
"about.demoNote","Plain-language generated explanation","Data shown in this demonstration is illustrative and must not be relied on as legal advice.","Los datos de esta demostración son ilustrativos y no deben usarse como asesoría legal.","no"
"about.eyebrow","Plain-language generated explanation","Cite","Cite","no"
"about.limits","Plain-language generated explanation","Honesty limits","Límites de honestidad","no"
"about.limits.body","Plain-language generated explanation","No invented ordinance text for link-only pages. Missing year/units → unknown. Open legal questions surface as callouts, not guesses. Pending bills never appear as applies.","Sin texto inventado en páginas solo-enlace. Año/unidades faltantes → desconocido. Las preguntas jurídicas abiertas aparecen como avisos, no como conjeturas. Los proyectos pendientes nunca aparecen como aplica.","no"
"about.open.berkeley","Plain-language generated explanation","Berkeley’s algorithmic ban has two published effective dates: ~March 1, 2026 in the ordinance text vs. some secondary alerts citing January 2026.","La prohibición algorítmica de Berkeley tiene dos fechas de vigencia publicadas: ~1 de marzo de 2026 en el texto vs. alertas secundarias que citan enero de 2026.","no"
"about.open.berkeley.tag","Plain-language generated explanation","Berkeley · ch. 13.63","Berkeley · cap. 13.63","no"
"about.open.caScreening","Plain-language generated explanation","California’s screening-fee cap has no single official 2026 dollar figure in the corpus.","El tope de tarifa de screening de California no tiene una cifra oficial única para 2026 en el corpus.","no"
"about.open.caScreening.tag","Plain-language generated explanation","California · screening fee","California · tarifa de screening","no"
"about.open.laRso","Plain-language generated explanation","Los Angeles’s updated RSO formula has more than one published effective date (e.g. LAHD 2026-02-02 vs. some landlord-association notices 2026-01-24).","La fórmula RSO actualizada de Los Ángeles tiene más de una fecha de vigencia publicada (p. ej. LAHD 2026-02-02 vs. avisos de asociaciones de propietarios 2026-01-24).","no"
"about.open.laRso.tag","Plain-language generated explanation","Los Angeles · RSO","Los Ángeles · RSO","no"
"about.open.njFair","Plain-language generated explanation","New Jersey’s FAIR Act may preempt Jersey City and Hoboken algorithmic ordinances once it takes effect.","La FAIR Act de Nueva Jersey puede preempter las ordenanzas algorítmicas de Jersey City y Hoboken cuando entre en vigor.","no"
"about.open.njFair.tag","Plain-language generated explanation","New Jersey · FAIR Act","Nueva Jersey · FAIR Act","no"
"about.openQuestions","Plain-language generated explanation","Known open questions in the law","Preguntas jurídicas abiertas conocidas","no"
"about.openQuestions.lede","Tooltip / help text","Pack §9 ambiguities Cite surfaces as callouts when a matching rule is in view.","Ambigüedades del pack §9 que Cite muestra como avisos cuando la norma correspondiente está a la vista.","no"
"about.philosophy","Plain-language generated explanation","AI structures regulation. Code evaluates coverage. Evidence supports every answer.","La IA estructura la regulación. El código evalúa la cobertura. La evidencia sostiene cada respuesta.","no"
"about.pillar.ai.body","Plain-language generated explanation","Models extract candidates from the legal corpus. They do not decide coverage.","Los modelos extraen candidatos del corpus legal. No deciden la cobertura.","no"
"about.pillar.ai.title","Plain-language generated explanation","AI structures","La IA estructura","no"
"about.pillar.code.body","Plain-language generated explanation","Coverage conditions run in deterministic code against property facts and as-of dates.","Las condiciones de cobertura corren en código determinista sobre hechos y fechas de análisis.","no"
"about.pillar.code.title","Plain-language generated explanation","Code evaluates","El código evalúa","no"
"about.pillar.evidence.body","Plain-language generated explanation","Every answer keeps a citation, verbatim quoted span, and a trail you can re-run.","Cada respuesta guarda una cita, un fragmento literal y un rastro que se puede reejecutar.","no"
"about.pillar.evidence.title","Plain-language generated explanation","Evidence stays","La evidencia permanece","no"
"about.responsible","Plain-language generated explanation","Responsible design","Diseño responsable","no"
"about.responsible.lede","Tooltip / help text","Built to the pack’s Do / Don’t list. Honesty over a false single answer.","Construido según la lista Do / Don’t del pack. Honestidad antes que una respuesta falsa única.","no"
"about.step1.body","Plain-language generated explanation","Legal sources are parsed into structured rule candidates.","Las fuentes legales se convierten en candidatos de normas estructuradas.","no"
"about.step1.title","Plain-language generated explanation","Corpus extract","Extracción del corpus","no"
"about.step2.body","Plain-language generated explanation","Every rule must carry a citation and verbatim quoted span.","Cada norma debe llevar una cita y un fragmento citado literal.","no"
"about.step2.title","Plain-language generated explanation","Schema validation","Validación de esquema","no"
"about.step3.body","Plain-language generated explanation","Addresses resolve to their legal city, not their mailing city.","Las direcciones se resuelven a su ciudad legal, no a la ciudad postal.","no"
"about.step3.title","Plain-language generated explanation","Census jurisdiction","Jurisdicción Census","no"
"about.step4.body","Plain-language generated explanation","Coverage conditions are evaluated by code, never by a model.","Las condiciones de cobertura las evalúa el código, nunca un modelo.","no"
"about.step4.title","Plain-language generated explanation","Deterministic coverage","Cobertura determinista","no"
"about.step5.body","Plain-language generated explanation","Effective dates, pending bills, and conflicts are tested over time.","Fechas de vigencia, proyectos pendientes y conflictos se prueban en el tiempo.","no"
"about.step5.title","Plain-language generated explanation","Change tests","Pruebas de cambio","no"
"about.step6.body","Plain-language generated explanation","Every answer is reproducible from its inputs and sources.","Cada respuesta es reproducible a partir de sus entradas y fuentes.","no"
"about.step6.title","Plain-language generated explanation","Audit log","Registro de auditoría","no"
"about.thesis","Plain-language generated explanation","What Cite does","Qué hace Cite","no"
"about.title","Plain-language generated explanation","How Cite works — and its limits.","Cómo funciona Cite — y sus límites.","no"
"action.compare","Button or action","Compare dates","Comparar fechas","no"
"action.copied","Button or action","Copied","Copiado","no"
"action.copyCitation","Button or action","Copy citation","Copiar cita","no"
"action.csv","Button or action","Export CSV","Exportar CSV","no"
"action.emailAlerts","Button or action","Email alerts","Alertas por correo","no"
"action.print","Button or action","Print memo","Imprimir memo","no"
"action.saveMemo","Button or action","Save memo","Guardar memo","no"
"action.saved","Button or action","Saved","Guardado","no"
"action.share","Button or action","Copy link","Copiar enlace","no"
"action.sources","Button or action","Sources","Fuentes","no"
"action.watch","Button or action","Watch","Seguir","no"
"action.watching","Button or action","Watching","Siguiendo","no"
"bulk.aria","UI chrome / navigation","Addresses","Direcciones","no"
"bulk.col.input","UI chrome / navigation","Input","Entrada","no"
"bulk.col.property","UI chrome / navigation","Property","Propiedad","no"
"bulk.error.none","Error message","No matching property","No hay propiedad coincidente","no"
"bulk.export","Export/report label","Export all CSV","Exportar todo CSV","no"
"bulk.eyebrow","UI chrome / navigation","Many properties","Varias propiedades","no"
"bulk.hint","Tooltip / help text","IDs (A0001) and street fragments both work. Cite resolves each line to the best sample match.","Funcionan IDs (A0001) y fragmentos de calle. Cite resuelve cada línea a la mejor coincidencia.","no"
"bulk.lede","Tooltip / help text","Paste property IDs or addresses, one per line (up to 200).","Pegue IDs o direcciones, uno por línea (hasta 200).","no"
"bulk.run","UI chrome / navigation","Run lookup","Ejecutar consulta","no"
"bulk.running","Loading/progress message","Checking…","Consultando…","no"
"bulk.title","UI chrome / navigation","Bulk lookup","Consulta masiva","no"
"category.algorithmic_rent_setting","Rule category","Algorithmic rent setting","Fijación algorítmica de rentas","no"
"category.application_screening_fees","Rule category","Application & screening fees","Tarifas de solicitud y screening","no"
"category.just_cause_eviction","Rule category","Just-cause eviction","Desalojo con justa causa","no"
"category.rent_increase_limits","Rule category","Rent increase limits","Límites de aumento de renta","no"
"category.screening_restrictions","Rule category","Screening restrictions","Restricciones de screening","no"
"category.security_deposits","Rule category","Security deposits","Depósitos de seguridad","no"
"changes.affected","UI chrome / navigation","Affected properties","Propiedades afectadas","no"
"changes.affectedCount","UI chrome / navigation","Affected","Afectadas","no"
"changes.asOfMeta","UI chrome / navigation","as of","a la fecha","no"
"changes.beat.T1","Plain-language generated explanation","Effective-date flip: California algorithmic pricing moves from not yet effective to applies.","Cambio de fecha: la fijación algorítmica de California pasa de aún no vigente a aplica.","no"
"changes.beat.T2","Plain-language generated explanation","Municipal scope check: each local rule reaches only its city; Newark is reached by neither.","Alcance municipal: cada norma local solo alcanza su ciudad; Newark no es alcanzado por ninguna.","no"
"changes.beat.T3","Plain-language generated explanation","Statewide FAIR Act flip plus conflict flags where local algorithmic bans overlap.","Cambio FAIR Act estatal más banderas de conflicto donde hay prohibiciones locales.","no"
"changes.beat.T4","Plain-language generated explanation","Pending legislation: properties that would be affected if the bills become law.","Legislación pendiente: propiedades que se verían afectadas si se aprueban los proyectos.","no"
"changes.beat.T5","Plain-language generated explanation","Failed measure: struck ballot produces an empty affected set. Never treat as in force.","Medida fallida: el conjunto afectado está vacío. Nunca tratarla como en vigor.","no"
"changes.col.address","UI chrome / navigation","Address","Dirección","no"
"changes.col.after","UI chrome / navigation","After","Después","no"
"changes.col.before","UI chrome / navigation","Before","Antes","no"
"changes.col.jurisdiction","UI chrome / navigation","Jurisdiction","Jurisdicción","no"
"changes.col.review","UI chrome / navigation","Review","Revisión","no"
"changes.currentLaw","UI chrome / navigation","Compared against current-law baselines in the pack","Comparado con líneas base de ley vigente del pack","no"
"changes.error","Error message","Could not load change tests.","No se pudieron cargar las pruebas de cambio.","no"
"changes.excluded","UI chrome / navigation","Correctly excluded","Correctamente excluidas","no"
"changes.exclusion","UI chrome / navigation","Why addresses may be excluded","Por qué pueden excluirse direcciones","no"
"changes.eyebrow","UI chrome / navigation","Change tests","Pruebas de cambio","no"
"changes.failedNote","Error message","Expected affected set is empty. Failed measures must never appear as applies.","El conjunto afectado esperado está vacío. Las medidas fallidas nunca deben aparecer como aplica.","no"
"changes.hideDetails","UI chrome / navigation","Hide tracker details","Ocultar detalles del tracker","no"
"changes.hypothetical","UI chrome / navigation","Scenario / pending measure — not a determination of liability","Escenario / medida pendiente — no determina responsabilidad","no"
"changes.jump","UI chrome / navigation","Jump to scenario","Ir al escenario","no"
"changes.lede","Tooltip / help text","What flips, when, and which properties are affected.","Qué cambia, cuándo y qué propiedades se ven afectadas.","no"
"changes.loading","Loading/progress message","Loading change tests…","Cargando pruebas de cambio…","no"
"changes.newarkNone","UI chrome / navigation","none in affected set","ninguna en el conjunto afectado","no"
"changes.newarkSample","UI chrome / navigation","sample","muestra","no"
"changes.newarkWarn","UI chrome / navigation","incorrectly included","incluidas incorrectamente","no"
"changes.noneAffected","UI chrome / navigation","No properties affected.","Ninguna propiedad afectada.","no"
"changes.notesTally","UI chrome / navigation","{a} affected","{a} afectadas","no"
"changes.notesTallyConflict","UI chrome / navigation","{a} affected · {c} need review","{a} afectadas · {c} en revisión","no"
"changes.openLookup","UI chrome / navigation","Open lookup","Abrir consulta","no"
"changes.openQuestionFallback","UI chrome / navigation","See open legal question.","Ver pregunta jurídica abierta.","no"
"changes.punch.T1","UI chrome / navigation","CA alg ban date flip","CA alg ban · cambio de fecha","no"
"changes.punch.T2","UI chrome / navigation","HOB vs JC · Newark out","HOB vs JC · Newark fuera","no"
"changes.punch.T3","UI chrome / navigation","NJ FAIR + local conflict","NJ FAIR + conflicto local","no"
"changes.punch.T4","UI chrome / navigation","MA pending bills","Proyectos MA pendientes","no"
"changes.punch.T5","UI chrome / navigation","Ballot failed · 0","Boleta fallida · 0","no"
"changes.reviewCount","UI chrome / navigation","Review","Revisión","no"
"changes.rulesMeta","UI chrome / navigation","Rules","Normas","no"
"changes.scenarioLabel","UI chrome / navigation","Supplied legal-change scenario","Escenario de cambio legal suministrado","no"
"changes.scope","UI chrome / navigation","Jurisdiction scope","Alcance jurisdiccional","no"
"changes.showAll","UI chrome / navigation","Show all","Mostrar todas","no"
"changes.showDetails","UI chrome / navigation","Show tracker details","Ver detalles del tracker","no"
"changes.showFewer","UI chrome / navigation","Show fewer","Mostrar menos","no"
"changes.story","UI chrome / navigation","Status flip","Cambio de estado","no"
"changes.summary","UI chrome / navigation","{scenarios} scenarios · {affected} properties affected · {conflicts} need review","{scenarios} escenarios · {affected} propiedades afectadas · {conflicts} en revisión","no"
"changes.title","UI chrome / navigation","Change Radar","Radar de cambios","no"
"changes.type.as_of","UI chrome / navigation","Date flip","Cambio de fecha","no"
"changes.type.boundary","Disclaimer","Scope","Alcance","no"
"changes.type.negative","UI chrome / navigation","Failed","Fallido","no"
"changes.type.pending","UI chrome / navigation","Pending","Pendiente","no"
"command.empty","UI chrome / navigation","No matches.","Sin coincidencias.","no"
"command.group.demo","UI chrome / navigation","Demo path","Ruta demo","no"
"command.group.more","UI chrome / navigation","More","Más","no"
"command.group.nav","UI chrome / navigation","Navigate","Navegar","no"
"command.open","UI chrome / navigation","Open command palette","Abrir paleta de comandos","no"
"command.openShort","UI chrome / navigation","Jump","Ir","no"
"command.placeholder","Form label or helper text","Jump to a page or demo…","Ir a una página o demo…","no"
"command.shortcut","UI chrome / navigation","⌘K","⌘K","no"
"common.loading","Loading/progress message","Loading…","Cargando…","no"
"confidence.extraction","UI chrome / navigation","Extraction confidence","Confianza de extracción","no"
"confidence.high","UI chrome / navigation","High","Alta","no"
"confidence.legend","UI chrome / navigation","Confidence bands: high ≥ 85% · medium 50–85% · low < 50% (often link-only sources).","Bandas de confianza: alta ≥ 85% · media 50–85% · baja < 50% (a menudo fuentes solo-enlace).","no"
"confidence.low","UI chrome / navigation","Low","Baja","no"
"confidence.medium","UI chrome / navigation","Medium","Media","no"
"confidence.medium.hint","Tooltip / help text","Medium extraction confidence. Review the quoted span before relying on the structured fields.","Confianza de extracción media. Revise el fragmento citado antes de confiar en los campos estructurados.","no"
"confidence.notLegal","UI chrome / navigation","Not a measure of legal certainty","No mide certeza legal","no"
"correction.caveat","Warning message","Send a correction request for human review. This does not change the property record or recalculate any legal determination. Verify facts before relying on this lookup.","Envíe una solicitud para revisión humana. Esto no modifica la propiedad ni recalcula ninguna determinación legal. Verifique los datos antes de utilizar esta consulta.","no"
"correction.field","UI chrome / navigation","Fact to correct","Dato que debe corregirse","no"
"correction.history","UI chrome / navigation","Your requests for this property","Sus solicitudes para esta propiedad","no"
"correction.legal_city","UI chrome / navigation","Legal city","Ciudad legal","no"
"correction.none","UI chrome / navigation","No requests yet.","Aún no hay solicitudes.","no"
"correction.other","UI chrome / navigation","Other property fact","Otro dato de la propiedad","no"
"correction.reason","UI chrome / navigation","Reason and supporting source","Motivo y fuente de apoyo","no"
"correction.report","UI chrome / navigation","Report an incorrect property fact","Informar un dato incorrecto de la propiedad","no"
"correction.sent","UI chrome / navigation","Request saved. No property or result was changed.","Solicitud guardada. No se modificaron la propiedad ni los resultados.","no"
"correction.signin","UI chrome / navigation","Sign in to submit a request","Inicie sesión para enviar una solicitud","no"
"correction.submit","Button or action","Submit correction request","Enviar solicitud de corrección","no"
"correction.units","UI chrome / navigation","Unit count","Número de unidades","no"
"correction.value","UI chrome / navigation","Correct value you propose","Valor correcto propuesto","no"
"correction.year_built","UI chrome / navigation","Year built","Año de construcción","no"
"coverage.col.jurisdiction","UI chrome / navigation","Jurisdiction","Jurisdicción","no"
"coverage.eyebrow","UI chrome / navigation","Corpus","Corpus","no"
"coverage.lede","Tooltip / help text","Filled cells show how many rules the catalog holds for that place and topic.","Las celdas con número indican cuántas normas hay en el catálogo para ese lugar y tema.","no"
"coverage.legend","UI chrome / navigation","Number = rules in catalog · dash = gap for that category.","Número = normas en el catálogo · guion = vacío en esa categoría.","no"
"coverage.title","UI chrome / navigation","Jurisdiction coverage","Cobertura por jurisdicción","no"
"dashboard.activity","UI chrome / navigation","Activity","Actividad","no"
"dashboard.activity.day.earlier","UI chrome / navigation","Earlier","Antes","no"
"dashboard.activity.day.today","UI chrome / navigation","Today","Hoy","no"
"dashboard.activity.day.yesterday","UI chrome / navigation","Yesterday","Ayer","no"
"dashboard.activity.emptyHint","UI chrome / navigation","Run a property lookup or save a memo to start this trail.","Ejecute una consulta o guarde un memorando para iniciar este historial.","no"
"dashboard.activity.filter.all","UI chrome / navigation","All","Todo","no"
"dashboard.activity.filter.changes","UI chrome / navigation","Changes","Cambios","no"
"dashboard.activity.filter.label","Form label or helper text","Filter activity","Filtrar actividad","no"
"dashboard.activity.filter.lookups","UI chrome / navigation","Lookups","Consultas","no"
"dashboard.activity.filter.memos","UI chrome / navigation","Memos","Memos","no"
"dashboard.activity.filterEmpty","UI chrome / navigation","Nothing in this filter yet.","Nada en este filtro todavía.","no"
"dashboard.activity.kind.changed","UI chrome / navigation","Changed","Cambio","no"
"dashboard.activity.kind.lookup","UI chrome / navigation","Lookup","Consulta","no"
"dashboard.activity.kind.memo","UI chrome / navigation","Memo","Memo","no"
"dashboard.activity.lede","Tooltip / help text","Recent lookups, saved memos, and re-checks that reported a change.","Consultas recientes, memorandos guardados y rechequeos que reportaron un cambio.","no"
"dashboard.activity.lookup","UI chrome / navigation","Lookup {id}","Consulta {id}","no"
"dashboard.activity.lookupBare","UI chrome / navigation","Lookup recorded","Consulta registrada","no"
"dashboard.activity.lookupRules","UI chrome / navigation","{rules} rules evaluated","{rules} normas evaluadas","no"
"dashboard.activity.lookupWithConflict","UI chrome / navigation","{rules} rules · {conflicts} conflict","{rules} normas · {conflicts} conflicto","no"
"dashboard.activity.memo","UI chrome / navigation","Memo saved · {title}","Memo guardado · {title}","no"
"dashboard.activity.recheckChanged","UI chrome / navigation","Re-check changed · {id}","Revisión con cambios · {id}","no"
"dashboard.activity.recheckChangedDetail","UI chrome / navigation","Re-check at {when} reported a result change.","El rechequeo a las {when} reportó un cambio de resultado.","no"
"dashboard.activity.recheckDue","UI chrome / navigation","Re-check due · {id}","Revisión pendiente · {id}","no"
"dashboard.activity.signedOut","UI chrome / navigation","Sign in to see lookups, memos, and re-check activity.","Inicie sesión para ver consultas, memorandos y actividad de rechequeo.","no"
"dashboard.activityEmpty","UI chrome / navigation","No recent activity yet.","Aún no hay actividad reciente.","no"
"dashboard.attention","UI chrome / navigation","Needs attention","Requiere atención","no"
"dashboard.attention.changedDetail","UI chrome / navigation","Last run {when} reported a result change.","La última ejecución {when} reportó un cambio de resultado.","no"
"dashboard.attention.dueDetail","UI chrome / navigation","Scheduled {freq} re-check is due.","El rechequeo {freq} está vencido.","no"
"dashboard.attention.empty","UI chrome / navigation","Nothing needs attention right now.","Nada requiere atención ahora.","no"
"dashboard.attention.emptyHint","UI chrome / navigation","Watch properties in Portfolio, or schedule re-checks in Settings.","Siga propiedades en Portfolio o programe rechequeos en Ajustes.","no"
"dashboard.attention.lede","Tooltip / help text","Re-checks that changed or are due. Open the lookup for current evidence.","Rechequeos que cambiaron o están vencidos. Abra la consulta para la evidencia actual.","no"
"dashboard.attention.signedOut","UI chrome / navigation","Sign in to load your re-check queue. Watched properties and Change Radar still work below.","Inicie sesión para cargar su cola de rechequeos. Las propiedades seguidas y el Radar siguen abajo.","no"
"dashboard.changed","UI chrome / navigation","Changed","Cambió","no"
"dashboard.changes","UI chrome / navigation","Recent rule changes","Cambios recientes de normas","no"
"dashboard.cta.changes","UI chrome / navigation","Open Change Radar","Abrir Radar de cambios","no"
"dashboard.cta.lookup","UI chrome / navigation","Look up a property","Consultar una propiedad","no"
"dashboard.lede","Tooltip / help text","See what changed, what is due, and which Change Radar scenarios matter next.","Vea qué cambió, qué está pendiente y qué escenarios del Radar de cambios importan.","no"
"dashboard.lookups","UI chrome / navigation","Lookup history","Historial de consultas","no"
"dashboard.lookupsEmpty","UI chrome / navigation","No lookups yet.","Aún no hay consultas.","no"
"dashboard.memos","UI chrome / navigation","Recent memos","Memorandos recientes","no"
"dashboard.memosEmpty","UI chrome / navigation","No memos yet.","Aún no hay memorandos.","no"
"dashboard.notRun","UI chrome / navigation","not run yet","sin ejecutar","no"
"dashboard.openLookup","UI chrome / navigation","Open lookup","Abrir consulta","no"
"dashboard.radar","UI chrome / navigation","Change Radar","Radar de cambios","no"
"dashboard.radar.conflictHint","UI chrome / navigation","T3 flags {n} addresses for human review (Hoboken / Jersey City vs FAIR).","T3 marca {n} direcciones para revisión humana (Hoboken / Jersey City vs FAIR).","no"
"dashboard.radar.error","Error message","Could not load change scenarios.","No se pudieron cargar los escenarios de cambio.","no"
"dashboard.radar.lede","Tooltip / help text","Pack scenarios T1–T5 with affected counts from the backend.","Escenarios T1–T5 del pack con conteos afectados del backend.","no"
"dashboard.rechecks","UI chrome / navigation","Scheduled re-checks","Rechequeos programados","no"
"dashboard.rechecksEmpty","UI chrome / navigation","No re-checks scheduled yet.","Aún no hay rechequeos programados.","no"
"dashboard.runNow","UI chrome / navigation","Run re-checks now","Ejecutar rechequeos ahora","no"
"dashboard.runSummary","UI chrome / navigation","Checked {ran}, changed {changed}, webhooks sent {delivered}, failed {failed}, baselines refreshed {baselinesReset}.","Revisados {ran}, cambiados {changed}, webhooks enviados {delivered}, fallidos {failed}, bases actualizadas {baselinesReset}.","no"
"dashboard.running","Loading/progress message","Running…","Ejecutando…","no"
"dashboard.signin","UI chrome / navigation","Sign in to see your re-checks, memos, and lookup history.","Inicie sesión para ver rechequeos, memorandos e historial.","no"
"dashboard.signinRequired","UI chrome / navigation","Sign in required.","Se requiere iniciar sesión.","no"
"dashboard.title","UI chrome / navigation","Monitoring","Monitoreo","no"
"dashboard.viewAll","UI chrome / navigation","View all","Ver todo","no"
"dashboard.watched","UI chrome / navigation","Watched properties","Propiedades seguidas","no"
"dashboard.watchedEmpty","UI chrome / navigation","Nothing watched yet. Star a property from Lookup or Portfolio.","Nada seguido aún. Marque una propiedad desde Consulta o Portfolio.","no"
"dependencies.caveat","Warning message","Compares captured source URLs and retrieval timestamps with the current API corpus. A metadata difference is a review prompt, not proof the law changed; no continuous content monitoring is available.","Compara las URL y fechas de recuperación guardadas con el corpus actual. Una diferencia exige revisión, no prueba un cambio legal; no hay vigilancia continua del contenido.","no"
"dependencies.clear","UI chrome / navigation","No metadata differences detected. This does not verify source content.","No se detectaron diferencias de metadatos. Esto no verifica el contenido.","no"
"dependencies.error","Error message","Current corpus unavailable.","El corpus actual no está disponible.","no"
"dependencies.flagged","UI chrome / navigation","{n} source metadata differences need review","{n} diferencias de metadatos requieren revisión","no"
"dependencies.heading","UI chrome / navigation","Sources this case depends on","Fuentes de las que depende este caso","no"
"dependencies.loading","Loading/progress message","Checking…","Comprobando…","no"
"dependencies.missing","UI chrome / navigation","Missing from current corpus","No está en el corpus actual","no"
"dependencies.none","UI chrome / navigation","No source document IDs in this captured result.","No hay identificadores de documentos fuente en el resultado guardado.","no"
"dependencies.retrieved","UI chrome / navigation","Retrieval timestamp differs","La fecha de recuperación difiere","no"
"dependencies.same","UI chrome / navigation","Metadata matches","Los metadatos coinciden","no"
"dependencies.source","UI chrome / navigation","Open current source","Abrir fuente actual","no"
"dependencies.url","UI chrome / navigation","Source URL differs","La URL de la fuente difiere","no"
"disclaimer","Disclaimer","This tool provides legal information, not legal advice. It is not a compliance certification. Based on available public records in this prototype — verify important decisions with a qualified legal professional.","Esta herramienta ofrece información legal, no asesoría jurídica. No es una certificación de cumplimiento. Basada en registros públicos disponibles en este prototipo — verifique las decisiones importantes con un profesional legal calificado.","yes"
"disclaimer.asOf","Disclaimer","Answers are evaluated as of","Las respuestas se evalúan a la fecha","yes"
"disclaimer.short","Disclaimer","Not legal advice","No es asesoría legal","yes"
"en","UI chrome / navigation","{","","no"
"exposure.byChange","UI chrome / navigation","By change scenario","Por escenario de cambio","no"
"exposure.byPlace","UI chrome / navigation","By legal city","Por ciudad legal","no"
"exposure.context","UI chrome / navigation","Change-scenario matches for properties in the current view. Counts are not unique properties or legal conclusions.","Cruces entre escenarios de cambio y propiedades en esta vista. No representan propiedades únicas ni conclusiones legales.","no"
"exposure.empty","UI chrome / navigation","No matches in this view.","No hay cruces en esta vista.","no"
"exposure.error","Error message","Unable to load change scenarios.","No se pudieron cargar los escenarios de cambio.","no"
"exposure.heading","UI chrome / navigation","Portfolio exposure","Exposición del portafolio","no"
"exposure.matches","UI chrome / navigation","Property-change matches","Cruces propiedad-cambio","no"
"exposure.openInbox","UI chrome / navigation","Triage in inbox","Revisar en bandeja","no"
"exposure.signin","UI chrome / navigation","Sign in for review counts","Inicie sesión para ver revisiones","no"
"exposure.unresolved","UI chrome / navigation","Unreviewed or needs counsel","Sin revisar o requiere asesoría","no"
"fact.asOf","UI chrome / navigation","As of","A la fecha","no"
"fact.legalCity","UI chrome / navigation","Legal city","Ciudad legal","no"
"fact.property","UI chrome / navigation","Property","Propiedad","no"
"fact.units","UI chrome / navigation","Units","Unidades","no"
"fact.yearBuilt","UI chrome / navigation","Year built","Año de construcción","no"
"facts.apply","Form label or helper text","Re-run with these facts","Volver a evaluar con estos hechos","yes"
"facts.clear","Form label or helper text","Clear session facts","Borrar hechos de sesión","yes"
"facts.missing.lede","Form label or helper text","Some rules need public building facts to determine coverage. Providing a value here only previews this session — it is not saved as official data.","Algunas normas necesitan hechos públicos del edificio. Un valor aquí solo previsualiza esta sesión — no se guarda como dato oficial.","yes"
"facts.missing.title","Form label or helper text","Building facts needed","Hechos del edificio necesarios","yes"
"facts.missing.why","Form label or helper text","Why it matters","Por qué importa","yes"
"facts.owner_type","Form label or helper text","Owner type is not in the sample data and cannot be guessed.","El tipo de propietario no está en los datos de muestra y no se puede adivinar.","yes"
"facts.source.corpus","Form label or helper text","From sample records","De registros de muestra","yes"
"facts.source.user","Form label or helper text","User-provided (session)","Proporcionado por el usuario (sesión)","yes"
"facts.units","Form label or helper text","Unit count","Número de unidades","yes"
"facts.year","Form label or helper text","Year built","Año de construcción","yes"
"footer.boundary","Disclaimer","Not legal advice · Not a compliance certificate · Not a final legal answer","No es asesoría legal · No es certificado de cumplimiento · No es respuesta legal final","no"
"footer.coverage","UI chrome / navigation","Coverage is limited to the demo jurisdictions and corpus in this prototype.","La cobertura se limita a las jurisdicciones demo y el corpus de este prototipo.","no"
"footer.sources","UI chrome / navigation","Sources & limitations","Fuentes y limitaciones","no"
"freshness.attention","UI chrome / navigation","Review recommended","Se recomienda revisar","no"
"freshness.captured","UI chrome / navigation","Lookup saved","Consulta guardada","no"
"freshness.caveat","Warning message","Retrieval time is not a guarantee that the official source is current or legally valid. A 30-day reminder is for human review only.","La fecha de consulta no garantiza que la fuente oficial esté actualizada o sea legalmente válida. El aviso de 30 días es solo para revisión humana.","no"
"freshness.dated","UI chrome / navigation","Dates available","Fechas disponibles","no"
"freshness.days","UI chrome / navigation","days ago","días atrás","no"
"freshness.heading","UI chrome / navigation","Evidence provenance","Procedencia de la evidencia","no"
"freshness.missingDates","UI chrome / navigation","sources have no reported retrieval date.","fuentes no tienen fecha de consulta reportada.","no"
"freshness.missingLinks","UI chrome / navigation","sources have no direct link.","fuentes no tienen enlace directo.","no"
"freshness.noDates","UI chrome / navigation","The API did not provide retrieval dates for these sources.","La API no proporcionó fechas de consulta para estas fuentes.","no"
"freshness.noRules","UI chrome / navigation","No cited rules in this lookup.","No hay reglas citadas en esta consulta.","no"
"freshness.oldest","UI chrome / navigation","Oldest reported retrieval","Consulta más antigua reportada","no"
"freshness.provenance","UI chrome / navigation","View source citations","Ver citas de fuentes","no"
"group.applies","UI chrome / navigation","Appear to apply","Parecen aplicar","yes"
"group.does_not_apply","UI chrome / navigation","Do not appear to apply","No parecen aplicar","yes"
"group.pending","UI chrome / navigation","Pending / not yet effective","Pendientes / aún no vigentes","yes"
"group.pending.note","UI chrome / navigation","Not current enforceable law for the selected date.","No son ley exigible para la fecha seleccionada.","yes"
"group.review","UI chrome / navigation","Need human review","Requieren revisión humana","yes"
"group.unknown","UI chrome / navigation","Need more facts","Faltan hechos","yes"
"groups.all","UI chrome / navigation","All","Todos","no"
"groups.create","UI chrome / navigation","Create group","Crear grupo","no"
"groups.delete","UI chrome / navigation","delete","eliminar","no"
"groups.idsPlaceholder","UI chrome / navigation","Property IDs, e.g. A0003 A0004","IDs, p. ej. A0003 A0004","no"
"groups.namePlaceholder","UI chrome / navigation","New group name","Nombre del grupo","no"
"groups.title","UI chrome / navigation","Groups","Grupos","no"
"inbox.addNote","UI chrome / navigation","+ Add review note","+ Agregar nota","no"
"inbox.all","UI chrome / navigation","All","Todos","no"
"inbox.asOf","UI chrome / navigation","As of","Al","no"
"inbox.conflict","UI chrome / navigation","Conflict flagged","Conflicto señalado","no"
"inbox.context","UI chrome / navigation","These are backend change scenarios matched to your browser watchlist and signed-in re-check schedules, not a continuous live alert feed. A review state records your workflow, not a legal conclusion. Reopen the lookup for current evidence.","Estos son escenarios de cambio del servidor relacionados con propiedades vigiladas en este navegador o con revisiones programadas; no son alertas continuas en tiempo real. El estado indica su flujo de trabajo, no una conclusión legal. Abra la consulta para ver la evidencia actual.","no"
"inbox.dismissed","UI chrome / navigation","Dismissed","Descartado","no"
"inbox.editNote","UI chrome / navigation","Edit review note","Editar nota","no"
"inbox.emptyFilter","UI chrome / navigation","No matching changes in this view.","No hay cambios en esta vista.","no"
"inbox.emptyWatch","UI chrome / navigation","Nothing monitored yet","Aún no hay propiedades monitoreadas","no"
"inbox.emptyWatchHint","UI chrome / navigation","Watch a property in Portfolio or schedule a re-check to populate this inbox.","Vigile una propiedad en Portafolio o programe una nueva revisión.","no"
"inbox.error","Error message","Unable to load the impact inbox.","No se pudo cargar la bandeja de impacto.","no"
"inbox.eyebrow","UI chrome / navigation","Monitoring / Review queue","Monitoreo / Cola de revisión","no"
"inbox.filter","UI chrome / navigation","Filter review state","Filtrar por estado de revisión","no"
"inbox.heading","UI chrome / navigation","Impact inbox","Bandeja de impacto","no"
"inbox.lede","Tooltip / help text","Changes intersecting the properties you watch or re-check. Triage the work before it gets lost.","Cambios que afectan propiedades vigiladas o programadas para nueva revisión.","no"
"inbox.matches","UI chrome / navigation","PROPERTY-CHANGE MATCHES","CRUCES PROPIEDAD-CAMBIO","no"
"inbox.needs_counsel","UI chrome / navigation","Needs counsel","Requiere asesoría legal","no"
"inbox.note","UI chrome / navigation","Review note","Nota de revisión","no"
"inbox.openLookup","UI chrome / navigation","Open current lookup","Abrir consulta actual","no"
"inbox.refresh","UI chrome / navigation","Change scenarios update when this page reloads; review decisions are saved to your account.","Los escenarios se actualizan al recargar; las decisiones de revisión se guardan en su cuenta.","no"
"inbox.reviewState","UI chrome / navigation","Review state","Estado de revisión","no"
"inbox.reviewed","UI chrome / navigation","Reviewed","Revisado","no"
"inbox.saveNote","UI chrome / navigation","Save note","Guardar nota","no"
"inbox.signin","UI chrome / navigation","Sign in to review changes for your monitored properties.","Inicie sesión para revisar cambios en sus propiedades monitoreadas.","no"
"inbox.unreviewed","UI chrome / navigation","Unreviewed","Sin revisar","no"
"inbox.updated","UI chrome / navigation","Updated","Actualizado","no"
"label.asOf","UI chrome / navigation","As of","A la fecha","no"
"label.missingFacts","UI chrome / navigation","Missing facts","Hechos faltantes","no"
"label.sourceQuote","Legal source quotation","Source quote","Cita de la fuente","yes"
"label.sourceQuote.authority","Legal source quotation","This quotation is the authoritative legal source. It is not an official Spanish text.","Esta cita es la fuente legal oficial. No es un texto oficial en español.","yes"
"label.sourceQuote.informational","Legal source quotation","Informational Spanish translation only; the English original is the official source.","Traducción informativa al español; el texto original en inglés es la fuente oficial.","yes"
"label.sourceQuote.original","Legal source quotation","Original English legal source text","Texto legal original en inglés","yes"
"label.sourceRetrieved","UI chrome / navigation","Source retrieved","Fuente recuperada","no"
"label.translation.machine","UI chrome / navigation","Machine-generated Spanish — not human-reviewed","Español generado automáticamente — sin revisión humana","no"
"label.translation.reviewed","UI chrome / navigation","Human-reviewed Spanish","Español revisado por una persona","no"
"label.translation.unavailable","UI chrome / navigation","Spanish translation unavailable for this explanation. Showing the English text.","No hay traducción al español para esta explicación. Se muestra el texto en inglés.","no"
"label.why","UI chrome / navigation","Why","Por qué","no"
"level.city","UI chrome / navigation","City","Ciudad","no"
"level.state","UI chrome / navigation","State","Estado","no"
"lookup.actions","UI chrome / navigation","Actions","Acciones","no"
"lookup.asOfHelp","Form label or helper text","As-of date: evaluate which rules appear operative on this calendar date. Pending or future-effective measures are not treated as current law.","Fecha de análisis: evalúa qué normas parecen operativas en esta fecha. Las medidas pendientes o aún no vigentes no se tratan como ley actual.","no"
"lookup.auditHide","UI chrome / navigation","Hide audit details","Ocultar auditoría","no"
"lookup.auditToggle","UI chrome / navigation","Audit details","Detalles de auditoría","no"
"lookup.clear","UI chrome / navigation","Clear search","Borrar búsqueda","no"
"lookup.demo.conflict","UI chrome / navigation","Conflict + citation","Conflicto + cita","no"
"lookup.demo.remap","UI chrome / navigation","Postal ≠ legal","Postal ≠ legal","no"
"lookup.demo.unknown","UI chrome / navigation","Unknown over guessing","Desconocido antes que adivinar","no"
"lookup.emptyRules","UI chrome / navigation","No rules returned for this view","No hay normas en esta vista","no"
"lookup.emptyRulesHint","UI chrome / navigation","No rules matched this property for the selected as-of date with the current filters.","Ninguna norma coincidió para esta propiedad en la fecha y filtros actuales.","no"
"lookup.errorHint","Error message","Try another address or retry shortly.","Pruebe otra dirección o reintente en breve.","no"
"lookup.errorTitle","Error message","Lookup could not be completed","No se pudo completar la consulta","no"
"lookup.eyebrow","UI chrome / navigation","Legal information for rental housing","Información legal sobre vivienda de alquiler","no"
"lookup.honesty.conflict","Warning message","Possible conflict: state and local rules may overlap. Review the sources below — this tool does not decide which rule prevails.","Posible conflicto: normas estatales y locales pueden solaparse. Revise las fuentes — esta herramienta no decide cuál prevalece.","yes"
"lookup.honesty.corpusGap","Warning message","This city’s local ordinance pages are link-only or check-terms in the pack (no capturable body). Cite shows statewide rules only and will not invent municipal code.","Las ordenanzas locales de esta ciudad son solo-enlace o check-terms en el pack (sin cuerpo capturable). Cite muestra solo normas estatales y no inventa código municipal.","yes"
"lookup.honesty.corpusGap.title","Warning message","Uncaptured local corpus","Corpus local no capturado","yes"
"lookup.honesty.linkOnly","Warning message","Primary ordinance pages are link-only in the pack; quoted evidence stays on capturable corpus text.","Las páginas primarias son solo-enlace en el pack; la evidencia citada permanece en el corpus capturable.","yes"
"lookup.honesty.pending","Warning message","Pending or not-yet-effective measures are listed separately. They are not current enforceable law for the selected date.","Las medidas pendientes o aún no vigentes se listan aparte. No son ley exigible para la fecha seleccionada.","yes"
"lookup.honesty.unknown","Warning message","We could not determine coverage when building facts are missing. Cite will not invent year built or unit counts.","No pudimos determinar la cobertura cuando faltan hechos del edificio. Cite no inventa año ni unidades.","yes"
"lookup.honesty.userFacts","Warning message","Some results use building facts you provided for this session. They are not verified public records.","Algunos resultados usan hechos del edificio que usted proporcionó en esta sesión. No son registros públicos verificados.","yes"
"lookup.includeNonApplicable","UI chrome / navigation","Show rules that do not appear to apply","Mostrar normas que no parecen aplicar","no"
"lookup.kbdNavigate","Accessibility-only text","navigate","navegar","no"
"lookup.kbdSelect","Accessibility-only text","select","elegir","no"
"lookup.label","Form label or helper text","Enter a rental property address","Ingrese la dirección de una propiedad de alquiler","no"
"lookup.lede","Tooltip / help text","Based on available public records, explore which rental-housing rules may cover a property, what is unknown, and what needs human review — with cited source text.","Con base en registros públicos disponibles, explore qué normas de vivienda pueden cubrir una propiedad, qué es desconocido y qué requiere revisión humana — con texto de fuente citado.","no"
"lookup.loading","Loading/progress message","Preparing cited results…","Preparando resultados citados…","no"
"lookup.loading.citations","Loading/progress message","Preparing cited results","Preparando resultados citados","no"
"lookup.loading.coverage","Loading/progress message","Evaluating building coverage","Evaluando cobertura del edificio","no"
"lookup.loading.dates","Loading/progress message","Checking effective dates","Comprobando fechas de vigencia","no"
"lookup.loading.jurisdiction","Loading/progress message","Resolving jurisdiction","Resolviendo jurisdicción","no"
"lookup.loadingHint","Loading/progress message","Resolving jurisdiction → checking effective dates → evaluating building coverage.","Resolviendo jurisdicción → fechas de vigencia → cobertura del edificio.","no"
"lookup.none","UI chrome / navigation","No matching properties in the supported demo set.","No hay propiedades en el conjunto demo compatible.","no"
"lookup.noneHint","UI chrome / navigation","Try a sample ID (A0005) or a street from a covered city. Arbitrary addresses outside the pack are out of scope for this prototype.","Pruebe un ID de muestra (A0005) o una calle de una ciudad cubierta. Direcciones fuera del pack están fuera de alcance.","no"
"lookup.philosophy","UI chrome / navigation","AI can help structure regulation. Deterministic systems evaluate coverage. Evidence supports the explanation — unknown is a valid result.","La IA puede ayudar a estructurar la regulación. Sistemas deterministas evalúan la cobertura. La evidencia sostiene la explicación — desconocido es un resultado válido.","no"
"lookup.placeholder","Form label or helper text","Street or ID in scope, e.g. A0005, Delongpre Ave","Calle o ID en alcance, p. ej. A0005, Delongpre Ave","no"
"lookup.reading","UI chrome / navigation","How to read a result","Cómo leer un resultado","no"
"lookup.results","UI chrome / navigation","Matches","Coincidencias","no"
"lookup.retry","Button or action","Retry","Reintentar","no"
"lookup.rulesHeading","UI chrome / navigation","Rule results","Resultados por norma","no"
"lookup.rulesLede","UI chrome / navigation","Grouped by coverage outcome. Pending and not-yet-effective measures are never listed as current law. Open a rule for evidence.","Agrupadas por resultado de cobertura. Las medidas pendientes o aún no vigentes nunca se listan como ley actual. Abra una norma para ver la evidencia.","no"
"lookup.search","Button or action","Find housing rules","Buscar normas de vivienda","no"
"lookup.stepEvidence","UI chrome / navigation","Evidence","Evidencia","no"
"lookup.stepWhat","UI chrome / navigation","Rules that appear to apply","Normas que parecen aplicar","no"
"lookup.stepWhy","UI chrome / navigation","Why coverage looks this way","Por qué la cobertura se ve así","no"
"lookup.summary","UI chrome / navigation","Answer summary","Resumen de la respuesta","no"
"lookup.title1","UI chrome / navigation","See which rules appear to apply.","Vea qué normas parecen aplicar.","no"
"lookup.title2","UI chrome / navigation","And why — with sources.","Y por qué — con fuentes.","no"
"lookup.try","UI chrome / navigation","Demo path:","Ruta demo:","no"
"lookup.viewEvidence","UI chrome / navigation","View details and source","Ver detalles y fuente","no"
"lookup.why","UI chrome / navigation","Why","Por qué","no"
"memo.generated","Export/report label","Generated","Generado","no"
"memo.title","Export/report label","Regulatory applicability memo","Memorándum de aplicabilidad regulatoria","no"
"memos.delete","UI chrome / navigation","Delete memo","Eliminar memorando","no"
"memos.empty","UI chrome / navigation","No memos yet. Open a property and press Save memo.","Aún no hay memorandos. Abra una propiedad y pulse Guardar memo.","no"
"memos.eyebrow","UI chrome / navigation","Audit trail","Auditoría","no"
"memos.history","UI chrome / navigation","View lookup history","Ver historial de consultas","no"
"memos.lede","Tooltip / help text","Each memo keeps the results exactly as they were on the day you saved them.","Cada memorando conserva los resultados exactamente como el día en que lo guardó.","no"
"memos.open","UI chrome / navigation","Open","Abrir","no"
"memos.openLookup","UI chrome / navigation","Open lookup","Abrir consulta","no"
"memos.saved","UI chrome / navigation","saved","guardado","no"
"memos.signin","UI chrome / navigation","Sign in to see your saved memos.","Inicie sesión para ver sus memorandos guardados.","no"
"memos.title","UI chrome / navigation","Saved memos","Memorandos guardados","no"
"mode.checking","Loading/progress message","Connecting…","Conectando…","no"
"mode.live","UI chrome / navigation","Connected","Conectado","no"
"mode.mock","UI chrome / navigation","Demo data","Datos de demostración","no"
"mode.offline","UI chrome / navigation","Offline","Sin conexión","no"
"monitor.detailsChanged","UI chrome / navigation","Conflict or source evidence changed; review required.","Cambió el conflicto o la evidencia; requiere revisión.","no"
"monitor.unavailable","UI chrome / navigation","Some properties could not be checked. Results are incomplete.","No se pudieron comprobar algunas propiedades. Los resultados están incompletos.","no"
"nav.about","UI chrome / navigation","About","Acerca de","no"
"nav.audit","UI chrome / navigation","Audit","Auditoría","no"
"nav.bulk","UI chrome / navigation","Bulk","Masivo","no"
"nav.changeLanguage","UI chrome / navigation","Change language","Cambiar idioma","no"
"nav.changes","UI chrome / navigation","Change scenarios","Escenarios de cambio","no"
"nav.coverage","UI chrome / navigation","Coverage","Cobertura","no"
"nav.dashboard","UI chrome / navigation","Dashboard","Panel","no"
"nav.how","UI chrome / navigation","How it works","Cómo funciona","no"
"nav.inbox","UI chrome / navigation","Impact inbox","Bandeja de impacto","no"
"nav.lang.announced","UI chrome / navigation","Language changed to English","Idioma cambiado a español","no"
"nav.lang.current","UI chrome / navigation","Current language","Idioma actual","no"
"nav.lang.en","UI chrome / navigation","English","English","no"
"nav.lang.es","UI chrome / navigation","Español","Español","no"
"nav.language","UI chrome / navigation","Language","Idioma","no"
"nav.lookup","UI chrome / navigation","Lookup","Consulta","no"
"nav.memos","UI chrome / navigation","Memos","Memorandos","no"
"nav.menu","UI chrome / navigation","Menu","Menú","no"
"nav.mobile","UI chrome / navigation","Mobile","Móvil","no"
"nav.more","UI chrome / navigation","More","Más","no"
"nav.more.monitor","UI chrome / navigation","Monitor","Monitoreo","no"
"nav.more.review","UI chrome / navigation","Review","Revisión","no"
"nav.more.team","UI chrome / navigation","Team","Equipo","no"
"nav.pipeline","UI chrome / navigation","Pipeline","Proceso","no"
"nav.portfolio","UI chrome / navigation","Portfolio","Cartera","no"
"nav.primary","UI chrome / navigation","Primary","Principal","no"
"nav.rules","UI chrome / navigation","Rules","Normas","no"
"nav.settings","UI chrome / navigation","Team","Equipo","no"
"nav.signin","UI chrome / navigation","Sign in","Iniciar sesión","no"
"nav.signout","UI chrome / navigation","Sign out","Cerrar sesión","no"
"nav.sources","UI chrome / navigation","Sources & limits","Fuentes y límites","no"
"nav.workspace","UI chrome / navigation","Workspace","Espacio de revisión","no"
"packet.download","UI chrome / navigation","Download counsel case packet","Descargar expediente para asesoría legal","no"
"pipeline.demoDocs","UI chrome / navigation","Demo documents","Documentos de demostración","no"
"pipeline.docsCount","UI chrome / navigation","documents available","documentos disponibles","no"
"pipeline.docsError","UI chrome / navigation","Could not load corpus documents.","No se pudieron cargar los documentos del corpus.","no"
"pipeline.empty","UI chrome / navigation","No extract run yet. Choose a document and press Run extract.","Aún no hay extracción. Elija un documento y pulse Ejecutar extracción.","no"
"pipeline.emptyHint","UI chrome / navigation","Start with D001: Berkeley ordinance text becomes validated rules with quotations.","Empiece con D001: la ordenanza de Berkeley se convierte en normas validadas con citas.","no"
"pipeline.eyebrow","UI chrome / navigation","Extract","Extracción","no"
"pipeline.failed","Error message","Extract failed","La extracción falló","no"
"pipeline.filter","UI chrome / navigation","Filter D001, California…","Filtrar D001, California…","no"
"pipeline.filterEmpty","UI chrome / navigation","No documents match this filter","Ningún documento coincide con este filtro","no"
"pipeline.lede","Tooltip / help text","Pick a corpus document. Run extract. See validated rules with verbatim quotes.","Elija un documento. Ejecute la extracción. Vea normas validadas con citas textuales.","no"
"pipeline.liveCorpus","UI chrome / navigation","Live corpus","Corpus en vivo","no"
"pipeline.loadingDocs","Loading/progress message","Loading corpus documents…","Cargando documentos del corpus…","no"
"pipeline.noRules","UI chrome / navigation","No rules extracted from this document.","No se extrajeron normas de este documento.","no"
"pipeline.run","UI chrome / navigation","Run extract","Ejecutar extracción","no"
"pipeline.running","Loading/progress message","Extracting…","Extrayendo…","no"
"pipeline.sourceDoc","UI chrome / navigation","Source document","Documento fuente","no"
"pipeline.stageRules","UI chrome / navigation","Rules","Normas","no"
"pipeline.stageSource","UI chrome / navigation","Source","Fuente","no"
"pipeline.stageValidate","UI chrome / navigation","Validate","Validar","no"
"pipeline.stageWorking","UI chrome / navigation","Working…","Trabajando…","no"
"pipeline.stepRules","UI chrome / navigation","Rules","Normas","no"
"pipeline.stepSource","UI chrome / navigation","Source","Fuente","no"
"pipeline.stepValidation","UI chrome / navigation","Validation","Validación","no"
"pipeline.summary","UI chrome / navigation","{rules} rules · {pass}/{total} checks passed","{rules} normas · {pass}/{total} comprobaciones","no"
"pipeline.title","UI chrome / navigation","From text to cited rules","Del texto a normas citadas","no"
"pipeline.tryThis","UI chrome / navigation","Suggested:","Sugerido:","no"
"pipeline.verbatim","Legal source quotation","Source quotation","Cita de la fuente","no"
"pipeline.via","UI chrome / navigation","Extract via","Extracción vía","no"
"portfolio.alerts","UI chrome / navigation","Watchlist alerts","Alertas de seguimiento","no"
"portfolio.alerts.emptyWatch","UI chrome / navigation","No watched properties yet. Use the eye button below or Watch on a lookup.","Aún no hay propiedades seguidas. Use el ojo abajo o Seguir en una consulta.","no"
"portfolio.alerts.none","UI chrome / navigation","No result changes for watched properties before","Sin cambios de resultado para propiedades seguidas antes de","no"
"portfolio.col.city","UI chrome / navigation","City","Ciudad","no"
"portfolio.col.conflicts","UI chrome / navigation","Conflicts","Conflictos","no"
"portfolio.col.property","UI chrome / navigation","Property","Propiedad","no"
"portfolio.col.upcoming","UI chrome / navigation","Upcoming","Próximos","no"
"portfolio.effective","UI chrome / navigation","effective","vigencia","no"
"portfolio.empty","UI chrome / navigation","No properties match this filter.","Ninguna propiedad coincide con este filtro.","no"
"portfolio.empty.watched","UI chrome / navigation","No watched properties in this view. Turn off the filter or watch a property from Lookup.","No hay propiedades seguidas en esta vista. Quite el filtro o siga una desde Consulta.","no"
"portfolio.eyebrow","UI chrome / navigation","Monitoring","Monitoreo","no"
"portfolio.filter.watchedOff","UI chrome / navigation","Show watched only","Mostrar solo seguidas","no"
"portfolio.filter.watchedOn","UI chrome / navigation","Watched only","Solo seguidas","no"
"portfolio.horizon","UI chrome / navigation","alert horizon","horizonte de alerta","no"
"portfolio.lede","Tooltip / help text","Every tracked property at a glance. Watch a property to be alerted when a rule's result changes within the next 12 months.","Todas las propiedades seguidas de un vistazo. Siga una propiedad para alertas cuando cambie el resultado de una norma en los próximos 12 meses.","no"
"portfolio.loading","Loading/progress message","Loading properties…","Cargando propiedades…","no"
"portfolio.showMore","UI chrome / navigation","Show {n} more properties","Mostrar {n} propiedades más","no"
"postal.remap","UI chrome / navigation","Postal city","Ciudad postal","no"
"postal.remapHint","UI chrome / navigation","Rules attach to legal jurisdiction, not the postal label.","Las normas se vinculan a la jurisdicción legal, no a la etiqueta postal.","no"
"postal.toLegal","UI chrome / navigation","legal city","ciudad legal","no"
"result.applies","Applicability status label","Appears to apply","Parece aplicar","yes"
"result.conflict","Applicability status label","Conflict possible","Posible conflicto","yes"
"result.does_not_apply","Applicability status label","Does not appear to apply","No parece aplicar","yes"
"result.needs_human_review","Applicability status label","Needs human review","Se necesita revisión humana","yes"
"result.not_yet_effective","Applicability status label","Not yet effective","Aún no entra en vigor","yes"
"result.pending","Applicability status label","Pending","Pendiente","yes"
"result.superseded","Applicability status label","Superseded","Sustituida","yes"
"result.unknown","Applicability status label","Unknown","No se puede determinar","yes"
"rule.analysisAsOf","UI chrome / navigation","Analysis as of","Análisis a la fecha","no"
"rule.close","UI chrome / navigation","Close","Cerrar","no"
"rule.collapseQuote","UI chrome / navigation","Collapse quotation","Contraer cita","no"
"rule.confidence","UI chrome / navigation","Extraction confidence","Confianza de extracción","no"
"rule.confidenceLabel","UI chrome / navigation","confidence","confianza","no"
"rule.conflict","UI chrome / navigation","State/local conflict; human review required","Conflicto estatal/local; se requiere revisión humana","no"
"rule.copyEvidence","UI chrome / navigation","Copy evidence link","Copiar enlace de evidencia","no"
"rule.copyEvidence.done","UI chrome / navigation","Copied","Copiado","no"
"rule.coverage","UI chrome / navigation","Coverage conditions","Condiciones de cobertura","no"
"rule.deleteNote","UI chrome / navigation","Delete note","Eliminar nota","no"
"rule.effective","UI chrome / navigation","Effective date","Fecha de vigencia","no"
"rule.evidence","UI chrome / navigation","Evidence","Evidencia","no"
"rule.exemptions","UI chrome / navigation","Exemptions","Exenciones","no"
"rule.expandQuote","UI chrome / navigation","Expand quotation","Expandir cita","no"
"rule.facts","UI chrome / navigation","Property facts on record","Hechos de la propiedad","no"
"rule.linkOnly","UI chrome / navigation","Link-only primary source","Fuente primaria solo-enlace","no"
"rule.linkOnly.badge","UI chrome / navigation","Link-only source","Fuente solo-enlace","no"
"rule.linkOnly.body","UI chrome / navigation","The pack marks this ordinance page as link-only. Cite does not invent municipal code. The quoted span comes from a capturable corpus document (e.g. NJ FAIR Act), and primary URLs stay in the conflict note for human review.","El pack marca esta ordenanza como solo-enlace. Cite no inventa código municipal. El fragmento citado proviene de un documento capturable del corpus (p. ej. NJ FAIR Act), y las URL primarias quedan en la nota de conflicto para revisión humana.","no"
"rule.linkOnly.short","UI chrome / navigation","Primary page has no capturable body. Quote is from a capturable corpus doc, not invented municipal text.","La página primaria no tiene cuerpo capturable. La cita viene de un documento del corpus, no de texto municipal inventado.","no"
"rule.lowConfidence","UI chrome / navigation","Low extraction confidence. Treat structured fields as provisional.","Baja confianza de extracción. Trate los campos estructurados como provisionales.","no"
"rule.mayBeStale","UI chrome / navigation","may be stale","puede estar desactualizada","no"
"rule.meta","UI chrome / navigation","Meta","Meta","no"
"rule.openQuestion","UI chrome / navigation","Open legal question","Pregunta jurídica abierta","no"
"rule.penalty","UI chrome / navigation","Penalty / remedy","Sanción / remedio","no"
"rule.precedence","UI chrome / navigation","Which rule takes precedence","Qué norma tiene prioridad","no"
"rule.requirement","UI chrome / navigation","Requirement","Requisito","no"
"rule.retrieved","UI chrome / navigation","Retrieved","Recuperado","no"
"rule.rulePrefix","UI chrome / navigation","Rule","Norma","no"
"rule.source","UI chrome / navigation","Source","Fuente","no"
"rule.sourceRetrieved","UI chrome / navigation","source retrieved","fuente recuperada","no"
"rule.teamNotes","UI chrome / navigation","Team notes","Notas del equipo","no"
"rule.teamNotes.add","UI chrome / navigation","Add","Agregar","no"
"rule.teamNotes.empty","UI chrome / navigation","No notes yet.","Aún no hay notas.","no"
"rule.teamNotes.placeholder","Form label or helper text","e.g. Verified with counsel 10/2026","p. ej. Verificado con abogado 10/2026","no"
"rule.teamNotes.signin","UI chrome / navigation","to read and add team notes.","para leer y agregar notas del equipo.","no"
"rule.unable","UI chrome / navigation","Unable to determine","No se puede determinar","no"
"rule.versions","UI chrome / navigation","Version history","Historial de versiones","no"
"rule.versionsCountMany","UI chrome / navigation","{n} versions","{n} versiones","no"
"rule.versionsCountOne","UI chrome / navigation","{n} version","{n} versión","no"
"rule.versionsEmpty","UI chrome / navigation","No earlier versions.","No hay versiones anteriores.","no"
"rule.versionsError","UI chrome / navigation","Version history is unavailable.","El historial de versiones no está disponible.","no"
"rule.versionsHint","UI chrome / navigation","Re-extract and scaffold hardening leave a traceable trail.","Re-extracción y endurecimiento del andamiaje dejan un rastro rastreable.","no"
"rule.versionsLoading","UI chrome / navigation","Loading…","Cargando…","no"
"rule.versionsRelease","UI chrome / navigation","release","release","no"
"rule.whyApplies","UI chrome / navigation","Why this applies","Por qué aplica","no"
"rules.all","UI chrome / navigation","All","Todas","no"
"rules.category","UI chrome / navigation","Category","Categoría","no"
"rules.clearFilters","UI chrome / navigation","Clear filters","Borrar filtros","no"
"rules.confidence","UI chrome / navigation","Confidence","Confianza","no"
"rules.count","UI chrome / navigation","rules","normas","no"
"rules.empty","UI chrome / navigation","No rules match these filters.","Ninguna norma coincide con estos filtros.","no"
"rules.error","Error message","Could not load rules.","No se pudieron cargar las normas.","no"
"rules.eyebrow","UI chrome / navigation","Catalog","Catálogo","no"
"rules.filters","UI chrome / navigation","Rule filters","Filtros de normas","no"
"rules.jurisdiction","UI chrome / navigation","Jurisdiction","Jurisdicción","no"
"rules.lede","Tooltip / help text","Extracted rules with citations and source quotes.","Normas extraídas con citas y citas textuales.","no"
"rules.loading","Loading/progress message","Loading rules…","Cargando normas…","no"
"rules.search","Button or action","Search","Buscar","no"
"rules.searchPlaceholder","Button or action","Title, citation, or rule ID…","Título, cita o ID de norma…","no"
"rules.status","UI chrome / navigation","Status","Estado","no"
"rules.summary","UI chrome / navigation","{shown} of {total} rules","{shown} de {total} normas","no"
"rules.title","UI chrome / navigation","Rules","Normas","no"
"scope.chip","UI chrome / navigation","CA · NJ · MA demo cities","Ciudades demo CA · NJ · MA","no"
"scope.help","Tooltip / help text","Supported demo jurisdictions: Los Angeles, San Francisco, San Diego, Berkeley, Santa Ana; Jersey City, Hoboken, Newark; Boston, Cambridge.","Jurisdicciones demo: Los Ángeles, San Francisco, San Diego, Berkeley, Santa Ana; Jersey City, Hoboken, Newark; Boston, Cambridge.","no"
"search.error","Error message","Address search unavailable. Try again.","Búsqueda de direcciones no disponible. Inténtelo de nuevo.","no"
"settings.add","UI chrome / navigation","Add","Agregar","no"
"settings.freq.daily","UI chrome / navigation","Daily","Diario","no"
"settings.freq.monthly","UI chrome / navigation","Monthly","Mensual","no"
"settings.freq.weekly","UI chrome / navigation","Weekly","Semanal","no"
"settings.keyUntitled","UI chrome / navigation","Untitled","Sin título","no"
"settings.keys.copyOnce","UI chrome / navigation","Copy this key now. It won't be shown again:","Copie esta clave ahora. No se mostrará de nuevo:","no"
"settings.keys.create","UI chrome / navigation","Create key","Crear clave","no"
"settings.keys.desc","UI chrome / navigation","Let your own systems fetch lookups: GET /api/public/v1/lookup/{property}?as_of=YYYY-MM-DD with header x-api-key.","Permita que sus sistemas consulten: GET /api/public/v1/lookup/{property}?as_of=YYYY-MM-DD con encabezado x-api-key.","no"
"settings.keys.placeholder","Form label or helper text","Label, e.g. Leasing system","Etiqueta, p. ej. sistema de leasing","no"
"settings.keys.revoke","UI chrome / navigation","Revoke","Revocar","no"
"settings.keys.revoked","UI chrome / navigation","revoked","revocada","no"
"settings.keys.title","UI chrome / navigation","API keys","Claves API","no"
"settings.keys.used","UI chrome / navigation","used","usada","no"
"settings.keys.viewer","UI chrome / navigation","Viewers can't create API keys.","Los viewers no pueden crear claves API.","no"
"settings.ledeSignedOut","Tooltip / help text","Manage roles, re-checks, API keys, and webhooks.","Administre roles, rechequeos, claves API y webhooks.","no"
"settings.rechecks.cron","UI chrome / navigation","Automation: POST /api/public/cron/recheck (authenticated cron) runs due schedules on cadence. Use Run re-checks now on the Dashboard for an immediate pass.","Automatización: POST /api/public/cron/recheck (cron autenticado) ejecuta los programas vencidos. Use Ejecutar rechequeos ahora en el Panel para una pasada inmediata.","no"
"settings.rechecks.desc","UI chrome / navigation","Cite re-runs the lookup for these properties and flags any result change. Changes are also sent to your webhooks.","Cite vuelve a consultar estas propiedades y marca cualquier cambio. Los cambios también se envían a sus webhooks.","no"
"settings.rechecks.due","UI chrome / navigation","due","vencido","no"
"settings.rechecks.lastRun","UI chrome / navigation","last run","última ejecución","no"
"settings.rechecks.placeholder","Form label or helper text","Property ID, e.g. A0003","ID de propiedad, p. ej. A0003","no"
"settings.rechecks.title","UI chrome / navigation","Scheduled re-checks","Rechequeos programados","no"
"settings.remove","UI chrome / navigation","Remove","Quitar","no"
"settings.roleLabel","UI chrome / navigation","Your role:","Su rol:","no"
"settings.roles.desc","UI chrome / navigation","Admins manage roles. Members can do everything except manage roles; viewers can't create API keys.","Los admins gestionan roles. Los members pueden hacer todo excepto gestionar roles; los viewers no pueden crear claves API.","no"
"settings.roles.title","UI chrome / navigation","Team roles","Roles del equipo","no"
"settings.roles.you","UI chrome / navigation","(you)","(usted)","no"
"settings.signin","UI chrome / navigation","Sign in to manage team settings.","Inicie sesión para administrar la configuración del equipo.","no"
"settings.title","UI chrome / navigation","Team & integrations","Equipo e integraciones","no"
"settings.webhooks.desc","UI chrome / navigation","When a re-check finds a change, Cite POSTs it to these addresses, signed with the secret in the x-cite-signature header (HMAC-SHA256).","Cuando un rechequeo encuentra un cambio, Cite hace POST a estas direcciones, firmado con el secreto en x-cite-signature (HMAC-SHA256).","no"
"settings.webhooks.title","UI chrome / navigation","Webhooks","Webhooks","no"
"status.conflict","Legal status label","Conflict","Conflicto","yes"
"status.failed","Error message","Failed","Rechazada o anulada","yes"
"status.help.applies","Warning message","Based on available records, this rule appears to cover this property.","Según los registros disponibles, esta norma parece cubrir esta propiedad.","yes"
"status.help.conflict","Warning message","Possible overlap between rule layers requiring human review.","Posible solapamiento entre capas de normas que requiere revisión humana.","yes"
"status.help.does_not_apply","Warning message","Coverage conditions appear unmet, or the measure is non-operative.","Las condiciones de cobertura parecen no cumplirse, o la medida no es operativa.","yes"
"status.help.failed","Error message","Failed or struck — not treated as operative law.","Fallida o anulada — no se trata como ley operativa.","yes"
"status.help.in_force","Warning message","Recorded as in force as of the selected date.","Registrada como en vigor en la fecha seleccionada.","yes"
"status.help.needs_human_review","Warning message","Ambiguity or conflict — review sources; no automated legal conclusion.","Ambigüedad o conflicto — revise las fuentes; sin conclusión legal automática.","yes"
"status.help.not_yet_effective","Warning message","Adopted but not yet in effect for the selected date.","Adoptada pero aún no vigente en la fecha seleccionada.","yes"
"status.help.pending","Warning message","Pending legislation — not current law.","Legislación pendiente — no es ley actual.","yes"
"status.help.unknown","Warning message","We could not determine coverage; required building facts are missing.","No pudimos determinar la cobertura; faltan hechos del edificio.","yes"
"status.in_force","Legal status label","In force","Vigente","yes"
"status.kind.applicability","Legal status label","Coverage","Cobertura","yes"
"status.kind.legal","Legal status label","Legal status","Estado legal","yes"
"status.not_yet_effective","Legal status label","Not yet effective","Aprobada, pero aún no entra en vigor","yes"
"status.pending","Legal status label","Pending","Pendiente","yes"
"timeline.asOf","UI chrome / navigation","As of","A la fecha","no"
"timeline.title","UI chrome / navigation","Effective-date timeline","Línea de fechas de vigencia","no"
"toast.evidenceCopied","UI chrome / navigation","Evidence link copied","Enlace de evidencia copiado","no"
"toast.keyCreated","UI chrome / navigation","API key created. Copy it now","Clave API creada. Cópiela ahora","no"
"toast.linkCopied","UI chrome / navigation","Link copied","Enlace copiado","no"
"toast.memoSaved","UI chrome / navigation","Memo saved","Memo guardado","no"
"toast.recheckDone","UI chrome / navigation","Re-checks finished","Revisiones terminadas","no"
"toast.scheduleAdded","UI chrome / navigation","Re-check scheduled","Revisión programada","no"
"toast.unwatched","UI chrome / navigation","Removed {id} from watchlist","Quitado {id} de la lista","no"
"toast.watching","UI chrome / navigation","Watching {id}","Siguiendo {id}","no"
"untrusted.body","UI chrome / navigation","City-level rules may be withheld until the jurisdiction is confirmed.","Las normas de nivel ciudad pueden omitirse hasta confirmar la jurisdicción.","no"
"untrusted.prefix","UI chrome / navigation","Legal city is an","La ciudad legal es una","no"
"untrusted.title","UI chrome / navigation","untrusted postal fallback","reserva postal no confiable","no"
"workspace.approved","UI chrome / navigation","Approved","Aprobado","no"
"workspace.cases","UI chrome / navigation","Cases","Casos","no"
"workspace.closed","UI chrome / navigation","Closed","Cerrado","no"
"workspace.empty","UI chrome / navigation","No cases yet. Open a property lookup to start a review.","Aún no hay casos. Abra una consulta de propiedad para comenzar.","no"
"workspace.evidenceNotes","UI chrome / navigation","Evidence notes","Notas de evidencia","no"
"workspace.eyebrow","UI chrome / navigation","Review","Revisión","no"
"workspace.frozenEvidence","UI chrome / navigation","Evidence at capture","Evidencia al guardar","no"
"workspace.heading","UI chrome / navigation","Decision workspace","Espacio de decisiones","no"
"workspace.history","UI chrome / navigation","Review history","Historial de revisión","no"
"workspace.lede","Tooltip / help text","Track open questions, evidence and review decisions against a saved property lookup.","Siga preguntas abiertas, pruebas y decisiones de revisión de una consulta guardada.","no"
"workspace.liveLookup","UI chrome / navigation","Current lookup","Consulta actual","no"
"workspace.needs_counsel","UI chrome / navigation","Needs counsel","Requiere asesoría legal","no"
"workspace.open","UI chrome / navigation","Open","Abierto","no"
"workspace.openCase","UI chrome / navigation","Start review","Iniciar revisión","no"
"workspace.owner","UI chrome / navigation","Assigned reviewer","Revisor asignado","no"
"workspace.ownerPlaceholder","UI chrome / navigation","Name or team member","Nombre o integrante del equipo","no"
"workspace.questions","UI chrome / navigation","Open questions","Preguntas abiertas","no"
"workspace.results","UI chrome / navigation","results","resultados","no"
"workspace.save","UI chrome / navigation","Save review","Guardar revisión","no"
"workspace.saved","UI chrome / navigation","Review saved","Revisión guardada","no"
"workspace.signin","UI chrome / navigation","Sign in to review your property cases.","Inicie sesión para revisar sus casos de propiedades.","no"
"workspace.snapshot","UI chrome / navigation","Saved lookup","Consulta guardada","no"
"workspace.source","UI chrome / navigation","Source","Fuente","no"
"workspace.status","UI chrome / navigation","Review status","Estado de revisión","no"
"workspace.title","UI chrome / navigation","Case title","Título del caso","no"
